Article Title,Article Link
3 Excellent Numbers From Pioneer Natural Resources' Q4 Report,https://www.fool.com/investing/2019/02/15/3-excellent-numbers-from-pioneer-natural-resources.aspx
Pioneer Natural Resources Company (PXD) Q4 2018 Earnings Conference Call Transcript,https://www.fool.com/earnings/call-transcripts/2019/02/14/pioneer-natural-resources-company-pxd-q4-2018-earn.aspx
This Oil Stock Is Rewarding Its Investors With a $2 Billion Payday,https://www.fool.com/investing/2018/12/14/this-oil-stock-is-rewarding-its-investors-with-a-2.aspx
This Energy Stock's Bold Claim Shows It's Ready to Dominate Its Industry,https://www.fool.com/investing/2018/11/30/this-energy-stocks-bold-claim-shows-its-ready-to-d.aspx
These Are the Biggest Oil Producers in the United States,https://www.fool.com/investing/2018/11/24/the-biggest-oil-producers-in-the-united-states.aspx
Pioneer Natural Resources Company (PXD) Q3 2018 Earnings Conference Call Transcript,https://www.fool.com/earnings/call-transcripts/2018/11/07/pioneer-natural-resources-company-pxd-q3-2018-earn.aspx
This Oil Stock Delivered a Profit Gusher in Q3,https://www.fool.com/investing/2018/11/07/this-oil-stock-delivered-a-profit-gusher-in-q3.aspx
What to Watch When Pioneer Natural Resources Reports Q3 Results,https://www.fool.com/investing/2018/11/05/what-to-watch-when-pioneer-natural-resources-repor.aspx
Is the Oil Sector Overheating Again?,https://www.fool.com/investing/2018/09/01/is-the-oil-sector-overheating-again.aspx
Pioneer Natural Resources Company (PXD) Q2 2018 Earnings Conference Call Transcript,https://www.fool.com/earnings/call-transcripts/2018/08/08/pioneer-natural-resources-company-pxd-q2-2018-earn.aspx
Pioneer Natural Resources' Q2 Results Came in a Little Light,https://www.fool.com/investing/2018/08/08/pioneer-natural-resources-2q-results-came-in-a-lit.aspx
Pioneer Natural Resources Earnings Preview: What to Watch,https://www.fool.com/investing/2018/08/06/pioneer-natural-resources-earnings-preview-what-to.aspx
Oil Prices: Could Iran Push Crude Back Into the Triple Digits?,https://www.fool.com/investing/2018/07/10/oil-prices-could-iran-push-crude-back-into-the-tri.aspx
3 Things Pioneer Natural Resources' CEO Wants You to Know About What's Ahead in 2018 and Beyond,https://www.fool.com/investing/2018/05/14/3-things-pioneer-natural-resources-ceo-wants-you-t.aspx
Pioneer Natural Resources Kept Its Foot Firmly on the Gas in Q1,https://www.fool.com/investing/2018/05/04/pioneer-natural-resources-kept-its-foot-firmly-on.aspx
3 Growth Stocks That Could Put Facebook's Returns to Shame,https://www.fool.com/investing/2018/03/21/3-growth-stocks-that-could-put-facebooks-returns-t.aspx
3 Surprising Stocks That Are Cash Flow Growth Machines,https://www.fool.com/investing/2018/03/20/3-surprising-stocks-are-cash-flow-growth-machines.aspx
4 Things Pioneer Natural Resources' CEO Wants You to Know About Its Future,https://www.fool.com/investing/2018/02/15/4-things-pioneer-natural-resources-ceo-wants-you-t.aspx
Pioneer Natural Resources Obliterates Expectations,https://www.fool.com/investing/2018/02/07/pioneer-natural-resources-obliterates-expectations.aspx
3 Things to Watch When Pioneer Natural Resources Reports Fourth-Quarter Results,https://www.fool.com/investing/2018/02/05/3-things-to-watch-when-pioneer-natural-resources-r.aspx
3 Things Pioneer Natural Resources' CEO Wants You to Know About Its Future,https://www.fool.com/investing/2017/11/20/3-things-pioneer-natural-resources-ceo-wants-you-t.aspx
"Despite Several Headwinds, Pioneer Natural Resources Smashes Expectations",https://www.fool.com/investing/2017/11/02/despite-several-headwinds-pioneer-natural-resource.aspx
Should Pioneer Natural Resources Investors Brace Themselves for Another Bombshell This Quarter?,https://www.fool.com/investing/2017/10/31/should-pioneer-natural-resources-investors-brace-t.aspx
5 Companies Primed to Profit From This $3.3 Trillion Energy Prize,https://www.fool.com/investing/2017/09/30/5-companies-primed-to-profit-from-this-33-trillion.aspx
This Oil Tycoon Thinks the U.S. Government's Oil Predictions Are Overly Optimistic,https://www.fool.com/investing/2017/09/25/this-oil-tycoon-thinks-the-us-governments-oil-pred.aspx
